ERROR;2022-05-31 19:09:34.100470
ERROR;2022-05-31 19:09:34.104596
ERROR;2022-05-31 19:09:34.134361
99-L2
149.99;2022-05-31 19:09:34.224458
ERROR;2022-05-31 19:09:34.234471
ERROR;2022-05-31 19:09:34.244345
ERROR;2022-05-31 19:09:34.254570
ERROR;2022-05-31 19:09:34.264384
ERROR;2022-05-31 19:09:34.274301
ERROR;2022-05-31 19:09:34.284492
ERROR;2022-05-31 19:09:34.284492
29-01
635 16;2022-05-31 19:09:34.300547
ERROR;2022-05-31 19:09:34.304552
ERROR;2022-05-31 19:09:34.314465
ERROR;2022-05-31 19:09:34.324588
ERROR;2022-05-31 19:09:34.334117
ERROR;2022-05-31 19:09:34.134361
———
B5-F 1

149.27)
————?- >;2022-05-31 19:09:34.344587
——
29-NT

(4864);2022-05-31 19:09:34.354237
_————<_

yu-B yl
55132;2022-05-31 19:09:34.354237
ERROR;2022-05-31 19:09:34.364386
ERROR;2022-05-31 19:09:34.374282
ERROR;2022-05-31 19:09:34.144619
39-02
U19.09;2022-05-31 19:09:34.159125
ERROR;2022-05-31 19:09:34.164247
ERROR;2022-05-31 19:09:34.114152
303

39 -K

U0;2022-05-31 19:09:34.124357
ERROR;2022-05-31 19:09:34.174573
ERROR;2022-05-31 19:09:34.184297
ERROR;2022-05-31 19:09:34.194602
ERROR;2022-05-31 19:09:34.204222
ERROR;2022-05-31 19:09:34.204222
ERROR;2022-05-31 19:09:34.219451
ERROR;2022-05-31 19:09:34.384500
ERROR;2022-05-31 19:09:34.404123
ERROR;2022-05-31 19:09:34.394465
ERROR;2022-05-31 19:09:34.464612
ERROR;2022-05-31 19:09:34.474566
ERROR;2022-05-31 19:09:34.474566
ERROR;2022-05-31 19:09:34.484375
ERROR;2022-05-31 19:09:34.500547
ERROR;2022-05-31 19:09:34.414118
ERROR;2022-05-31 19:09:34.504567
ERROR;2022-05-31 19:09:34.514275
ERROR;2022-05-31 19:09:34.424561
60-87
366.38;2022-05-31 19:09:34.434385
39° CT
162.74;2022-05-31 19:09:34.414118
59-H}
6779);2022-05-31 19:09:34.444405
ERROR;2022-05-31 19:09:34.454455
59-P1
664.80;2022-05-31 19:09:34.524370
ye;2022-05-31 19:09:34.564322
ERROR;2022-05-31 19:09:34.564322
ERROR;2022-05-31 19:09:34.574451
29 -H1
396.99;2022-05-31 19:09:34.584441
ERROR;2022-05-31 19:09:34.594137
ERROR;2022-05-31 19:09:34.534432
ERROR;2022-05-31 19:09:34.604384
ERROR;2022-05-31 19:09:34.604384
ERROR;2022-05-31 19:09:34.614383
59-M1 |
760.51,;2022-05-31 19:09:34.624246
67 -B1 |
21846;2022-05-31 19:09:34.544297
ERROR;2022-05-31 19:09:34.554382
ERROR;2022-05-31 19:09:35.194367
ERROR;2022-05-31 19:09:35.204421
ERROR;2022-05-31 19:09:40.724377
ERROR;2022-05-31 19:09:40.734228
ERROR;2022-05-31 19:09:40.744077
ERROR;2022-05-31 19:09:40.744077
ERROR;2022-05-31 19:09:40.754389
.7G62567-EF};2022-05-31 19:09:40.764354
ERROR;2022-05-31 19:09:40.774290
ERROR;2022-05-31 19:09:40.784372
ERROR;2022-05-31 19:09:40.794419
ERROR;2022-05-31 19:09:40.804935
ERROR;2022-05-31 19:09:40.814598
ERROR;2022-05-31 19:09:41.394341
ERROR;2022-05-31 19:09:41.405560
ERROR;2022-05-31 19:09:41.414111
ERROR;2022-05-31 19:09:41.984478
ERROR;2022-05-31 19:09:41.994549
ERROR;2022-05-31 19:09:42.006181
E a
3b;2022-05-31 19:09:42.014212
ERROR;2022-05-31 19:09:42.024218
ERROR;2022-05-31 19:09:42.024218
ERROR;2022-05-31 19:09:42.034503
ERROR;2022-05-31 19:09:42.049277
ERROR;2022-05-31 19:09:42.054286
ERROR;2022-05-31 19:09:42.064172
ERROR;2022-05-31 19:09:42.074227
ERROR;2022-05-31 19:09:42.084301
ERROR;2022-05-31 19:09:42.094286
ERROR;2022-05-31 19:09:42.094286
ERROR;2022-05-31 19:09:42.106273
ERROR;2022-05-31 19:09:42.114323
ERROR;2022-05-31 19:09:42.124526
ERROR;2022-05-31 19:09:42.134304
ERROR;2022-05-31 19:09:42.144368
ERROR;2022-05-31 19:09:42.144368
ERROR;2022-05-31 19:09:42.154106
ERROR;2022-05-31 19:09:42.164469
ERROR;2022-05-31 19:09:42.174336
ERROR;2022-05-31 19:09:42.184416
ERROR;2022-05-31 19:09:40.814598
ERROR;2022-05-31 19:09:42.194380
ERROR;2022-05-31 19:09:42.194380
ERROR;2022-05-31 19:09:42.206441
ERROR;2022-05-31 19:09:42.214527
39°11
052.97;2022-05-31 19:09:42.224378
ERROR;2022-05-31 19:09:42.234375
ERROR;2022-05-31 19:09:42.234375
ERROR;2022-05-31 19:09:42.244549
ERROR;2022-05-31 19:09:40.824383
,9-B)
312.15;2022-05-31 19:09:42.254394
ERROR;2022-05-31 19:09:42.264158
51-42
8311;2022-05-31 19:09:42.274379
ERROR;2022-05-31 19:09:42.284117
ERROR;2022-05-31 19:09:42.294398
ERROR;2022-05-31 19:09:42.304459
59-F1 |
689.55;2022-05-31 19:09:42.306463
65-F1 |
315.32;2022-05-31 19:09:42.314488
99-X2
683.2/;2022-05-31 19:09:42.329307
11-01
393.73;2022-05-31 19:09:40.834617
ERROR;2022-05-31 19:09:40.844401
ERROR;2022-05-31 19:09:40.854527
ERROR;2022-05-31 19:09:40.854527
ERROR;2022-05-31 19:09:40.864166
ERROR;2022-05-31 19:09:40.874373
ERROR;2022-05-31 19:09:40.884455
39 AT
364.52;2022-05-31 19:09:40.894403
39 NT
180.63;2022-05-31 19:09:40.905049
89 -BY
178.51;2022-05-31 19:09:40.914397
~4-S1
s34.18);2022-05-31 19:09:40.914397
09-11
021.33;2022-05-31 19:09:40.924238
ERROR;2022-05-31 19:09:40.934091
99° UI
457.81;2022-05-31 19:09:40.944465
ERROR;2022-05-31 19:09:40.954276
62-N1
327.46;2022-05-31 19:09:40.964218
ERROR;2022-05-31 19:09:40.964218
Lal
‘al;2022-05-31 19:09:40.974419
ERROR;2022-05-31 19:09:40.984491
ERROR;2022-05-31 19:09:40.994185
ERROR;2022-05-31 19:09:41.005087
ERROR;2022-05-31 19:09:41.005087
ERROR;2022-05-31 19:09:41.014356
ERROR;2022-05-31 19:09:41.024306
ee

39-P2
111.20;2022-05-31 19:09:41.034570
59-P2
00263;2022-05-31 19:09:41.044188
50-1
739.48;2022-05-31 19:09:41.054366
ERROR;2022-05-31 19:09:41.064063
ERROR;2022-05-31 19:09:41.064063
99-E1
563.4/;2022-05-31 19:09:41.074565
ERROR;2022-05-31 19:09:41.084364
39-01
939.93;2022-05-31 19:09:41.094196
0b-C]
331.39;2022-05-31 19:09:41.105350
09°
542.89;2022-05-31 19:09:41.114411
ERROR;2022-05-31 19:09:41.114411
ERROR;2022-05-31 19:09:41.125886
ERROR;2022-05-31 19:09:41.134396
99-11
032.9/;2022-05-31 19:09:41.144201
ERROR;2022-05-31 19:09:41.154152
ERROR;2022-05-31 19:09:41.164354
39-C7
30923;2022-05-31 19:09:41.164354
ERROR;2022-05-31 19:09:41.174083
ERROR;2022-05-31 19:09:41.184419
ERROR;2022-05-31 19:09:41.194335
ERROR;2022-05-31 19:09:41.205386
ERROR;2022-05-31 19:09:41.214413
ERROR;2022-05-31 19:09:41.214413
ERROR;2022-05-31 19:09:41.234232
ERROR;2022-05-31 19:09:41.244586
ERROR;2022-05-31 19:09:41.264427
ERROR;2022-05-31 19:09:41.264427
99-FT
3:13.16);2022-05-31 19:09:41.274426
04-1
3149;2022-05-31 19:09:41.284372
ERROR;2022-05-31 19:09:41.294059
9-1]
919.82;2022-05-31 19:09:41.305560
ERROR;2022-05-31 19:09:41.314569
ERROR;2022-05-31 19:09:41.324315
ERROR;2022-05-31 19:09:41.334387
ERROR;2022-05-31 19:09:41.344574
ERROR;2022-05-31 19:09:41.344574
ERROR;2022-05-31 19:09:41.354584
99-LZ
149.93;2022-05-31 19:09:41.374370
ERROR;2022-05-31 19:09:41.384259
ERROR;2022-05-31 19:09:41.394341
ERROR;2022-05-31 19:09:42.406760
ERROR;2022-05-31 19:09:42.414342
ERROR;2022-05-31 19:09:42.424338
ERROR;2022-05-31 19:09:42.424338
ERROR;2022-05-31 19:09:42.434183
RI;2022-05-31 19:09:42.444556
489-T-051|;2022-05-31 19:09:42.454222
ERROR;2022-05-31 19:09:42.464226
ERROR;2022-05-31 19:09:42.474387
Z2G#877-1F;2022-05-31 19:09:42.334321
© Bs KF 196;2022-05-31 19:09:42.474387
ERROR;2022-05-31 19:09:42.484514
ERROR;2022-05-31 19:09:42.494528
ERROR;2022-05-31 19:09:42.506739
812-T-475|

=;2022-05-31 19:09:42.514357
ERROR;2022-05-31 19:09:42.524440
[KA®AC 1689;2022-05-31 19:09:42.534151
ERROR;2022-05-31 19:09:42.534151
ERROR;2022-05-31 19:09:42.344239
2D 125-AM|;2022-05-31 19:09:42.544409
ERROR;2022-05-31 19:09:42.554354
ERROR;2022-05-31 19:09:42.354093
042-K-729;2022-05-31 19:09:42.564144
ERROR;2022-05-31 19:09:42.364557
ERROR;2022-05-31 19:09:42.574212
32H:698 703;2022-05-31 19:09:42.584426
162425641;2022-05-31 19:09:42.594438
Z2G#416-PZ;2022-05-31 19:09:42.594438
ERROR;2022-05-31 19:09:42.606997
ERROR;2022-05-31 19:09:42.614505
ZG 4303-AG;2022-05-31 19:09:42.624404
ERROR;2022-05-31 19:09:42.634532
2G6%2751-B;2022-05-31 19:09:42.644354
ERROR;2022-05-31 19:09:42.644354
ERROR;2022-05-31 19:09:42.654325
Z2G#624-K;2022-05-31 19:09:42.664311
ERROR;2022-05-31 19:09:42.674551
ERROR;2022-05-31 19:09:42.684155
ERROR;2022-05-31 19:09:42.694428
ZG#354-CU;2022-05-31 19:09:42.694428
BiK 8559 |;2022-05-31 19:09:42.707117
ERROR;2022-05-31 19:09:42.714123
AA SH 938];2022-05-31 19:09:42.724171
ERROR;2022-05-31 19:09:42.734557
ERROR;2022-05-31 19:09:42.744421
ERROR;2022-05-31 19:09:42.754224
ERROR;2022-05-31 19:09:42.764432
ERROR;2022-05-31 19:09:42.774346
ZG® 8557-AAl;2022-05-31 19:09:42.784376
ERROR;2022-05-31 19:09:42.364557
ERROR;2022-05-31 19:09:42.794400
ERROR;2022-05-31 19:09:42.794400
ERROR;2022-05-31 19:09:42.807004
ERROR;2022-05-31 19:09:42.814535
ERROR;2022-05-31 19:09:42.824394
ERROR;2022-05-31 19:09:42.834439
ERROR;2022-05-31 19:09:42.844413
ERROR;2022-05-31 19:09:42.374261
ERROR;2022-05-31 19:09:42.854536
ERROR;2022-05-31 19:09:42.864309
ZG# 4040-J];2022-05-31 19:09:42.864309
ERROR;2022-05-31 19:09:42.874285
ERROR;2022-05-31 19:09:42.884209
ERROR;2022-05-31 19:09:42.894286
ERROR;2022-05-31 19:09:42.907294
ERROR;2022-05-31 19:09:42.914332
ZG
969-LN;2022-05-31 19:09:42.924340
ERROR;2022-05-31 19:09:42.384489
ERROR;2022-05-31 19:09:42.924340
ERROR;2022-05-31 19:09:42.934536
ERROR;2022-05-31 19:09:42.394165
=636-TT;2022-05-31 19:09:42.944364
ERROR;2022-05-31 19:09:42.954136
ERROR;2022-05-31 19:09:42.964139
ERROR;2022-05-31 19:09:42.974416
ERROR;2022-05-31 19:09:42.974416
ERROR;2022-05-31 19:09:42.984406
ERROR;2022-05-31 19:09:42.994096
DUS
1eBBF;2022-05-31 19:09:43.007335
ERROR;2022-05-31 19:09:43.014384
99-$2
366.23;2022-05-31 19:09:43.094413
99°F
381.3;2022-05-31 19:09:43.107647
ERROR;2022-05-31 19:09:43.114152
ERROR;2022-05-31 19:09:43.124381
ERROR;2022-05-31 19:09:43.134145
ERROR;2022-05-31 19:09:43.144482
39°
642

ET

39;2022-05-31 19:09:43.154326
ERROR;2022-05-31 19:09:43.154326
9-H
193.76;2022-05-31 19:09:43.164379
ERROR;2022-05-31 19:09:43.174302
59-S!
315.06;2022-05-31 19:09:43.184592
ERROR;2022-05-31 19:09:43.194563
47-B1
428.72;2022-05-31 19:09:43.204399
9-7
ie;2022-05-31 19:09:43.207999
ERROR;2022-05-31 19:09:43.214504
ERROR;2022-05-31 19:09:43.034334
ERROR;2022-05-31 19:09:43.224098
ERROR;2022-05-31 19:09:43.234298
ERROR;2022-05-31 19:09:43.244214
ERROR;2022-05-31 19:09:43.254385
ERROR;2022-05-31 19:09:43.254385
ERROR;2022-05-31 19:09:43.264460
29-P 1;2022-05-31 19:09:43.274280
ERROR;2022-05-31 19:09:43.284497
99-2
436.3;2022-05-31 19:09:43.294433
ERROR;2022-05-31 19:09:43.304415
ERROR;2022-05-31 19:09:43.314521
89-S1
103/78;2022-05-31 19:09:43.314521
ERROR;2022-05-31 19:09:43.324400
ERROR;2022-05-31 19:09:43.044574
ERROR;2022-05-31 19:09:43.334546
ERROR;2022-05-31 19:09:43.344343
ERROR;2022-05-31 19:09:43.354105
29-H
039.18;2022-05-31 19:09:43.044574
ERROR;2022-05-31 19:09:43.054570
ERROR;2022-05-31 19:09:43.064359
59-1)
703.92;2022-05-31 19:09:43.074412
ERROR;2022-05-31 19:09:43.024153
65-F1 |
315.32;2022-05-31 19:09:43.084391
99-L1
940.63;2022-05-31 19:09:43.094413
ERROR;2022-05-31 19:09:18.314525
——. Sere an
1A-775.29

5;2022-05-31 19:09:18.324402
ERROR;2022-05-31 19:09:18.334646
ERROR;2022-05-31 19:09:18.344345
60A-214.18!;2022-05-31 19:09:18.354390
ERROR;2022-05-31 19:09:18.364444
5] A-052.27|;2022-05-31 19:09:18.374478
ERROR;2022-05-31 19:09:18.374478
ERROR;2022-05-31 19:09:18.389491
—=— i —~™
51G-429.71|;2022-05-31 19:09:18.394512
ERROR;2022-05-31 19:09:18.404410
wR<«<—  — - fF

51F-630.34,;2022-05-31 19:09:18.414413
ERROR;2022-05-31 19:09:18.414413
ERROR;2022-05-31 19:09:18.424206
[52Y-6490];2022-05-31 19:09:18.434250
ERROR;2022-05-31 19:09:18.444540
5 1F-066 09.;2022-05-31 19:09:18.454494
ERROR;2022-05-31 19:09:18.464601
5166-31691;2022-05-31 19:09:18.474309
50Z-1630;2022-05-31 19:09:18.474309
eS ere oe
/502-1630,;2022-05-31 19:09:18.489472
60A-309.81;2022-05-31 19:09:18.494479
151F-590.11];2022-05-31 19:09:18.504267
ERROR;2022-05-31 19:09:18.514341
51F-07568;2022-05-31 19:09:18.524432
ERROR;2022-05-31 19:09:18.534257
51G6-316.91);2022-05-31 19:09:18.544333
ERROR;2022-05-31 19:09:18.554361
[51F-207.54;2022-05-31 19:09:18.554361
ERROR;2022-05-31 19:09:18.564504
ERROR;2022-05-31 19:09:18.574300
ERROR;2022-05-31 19:09:18.584090
ERROR;2022-05-31 19:09:18.594273
002.09);2022-05-31 19:09:18.604448
'51G-100.96,;2022-05-31 19:09:18.614414
ERROR;2022-05-31 19:09:18.614414
'60A-399.51);2022-05-31 19:09:18.624423
ERROR;2022-05-31 19:09:18.634223
ERROR;2022-05-31 19:09:18.644137
ERROR;2022-05-31 19:09:18.654135
5100-51008:

516-510.08:;2022-05-31 19:09:18.664251
ee eT o |
51F-220.29;2022-05-31 19:09:18.664251
ERROR;2022-05-31 19:09:18.674395
'51F-617.12];2022-05-31 19:09:18.689544
ERROR;2022-05-31 19:09:18.694599
ERROR;2022-05-31 19:09:18.704443
B6A-068.44);2022-05-31 19:09:18.714253
ERROR;2022-05-31 19:09:18.724389
ERROR;2022-05-31 19:09:18.724389
ll ———
Q31.D-001.03;2022-05-31 19:09:18.734472
ERROR;2022-05-31 19:09:18.744421
51F-795. 12,;2022-05-31 19:09:18.754161
ERROR;2022-05-31 19:09:18.764570
51F-882.70;2022-05-31 19:09:18.774378
51 F-88270);2022-05-31 19:09:18.784439
51F-882.70;2022-05-31 19:09:18.789498
ERROR;2022-05-31 19:09:18.794524
ERROR;2022-05-31 19:09:18.804190
51G-216.70;2022-05-31 19:09:18.814489
5 I F-59881);2022-05-31 19:09:18.824413
51A-012.04;2022-05-31 19:09:18.834388
15 1 A-O1 2.04,;2022-05-31 19:09:18.844382
ERROR;2022-05-31 19:09:18.854249
ERROR;2022-05-31 19:09:18.854249
ERROR;2022-05-31 19:09:18.864483
15 1 F-882.70];2022-05-31 19:09:18.874555
15 1F-882.70;2022-05-31 19:09:18.884459
ERROR;2022-05-31 19:09:18.894456
ERROR;2022-05-31 19:09:18.904124
px tt 369.88,;2022-05-31 19:09:18.914258
ERROR;2022-05-31 19:09:18.914258
'51A-691.72,;2022-05-31 19:09:18.924201
61A-229.59;2022-05-31 19:09:18.934381
ERROR;2022-05-31 19:09:18.944452
1,8A-028.66];2022-05-31 19:09:18.954339
51A-897.14;2022-05-31 19:09:18.964415
ERROR;2022-05-31 19:09:18.964415
ERROR;2022-05-31 19:09:18.974123
|48A-028.66);2022-05-31 19:09:18.989710
ERROR;2022-05-31 19:09:18.994318
——————————
51G6-513.32;2022-05-31 19:09:19.004459
ERROR;2022-05-31 19:09:19.014416
ERROR;2022-05-31 19:09:19.024147
ERROR;2022-05-31 19:09:19.024147
| 30V-3993 J;2022-05-31 19:09:19.034433
ERROR;2022-05-31 19:09:19.044298
ERROR;2022-05-31 19:09:19.054236
ERROR;2022-05-31 19:09:19.064434
ERROR;2022-05-31 19:09:19.074579
rex aaa ae
51F-04275;2022-05-31 19:09:19.084474
ERROR;2022-05-31 19:09:19.094267
62A-055.;2022-05-31 19:09:19.094267
ERROR;2022-05-31 19:09:19.104401
i
mh
~;2022-05-31 19:09:19.114552
ERROR;2022-05-31 19:09:19.124301
51A-012.04

a7 §§ 8C; ULUL_L—Eeeeeeeeeee;2022-05-31 19:09:19.134192
ERROR;2022-05-31 19:09:19.144460
51F-646.19,;2022-05-31 19:09:19.144460
ERROR;2022-05-31 19:09:19.154492
ERROR;2022-05-31 19:09:19.164097
ERROR;2022-05-31 19:09:19.174360
J 1G-373.07;2022-05-31 19:09:19.184305
——————rt—‘—sCC CY
51G-216.70);2022-05-31 19:09:19.194405
—————=———————
5 1 F-06532,;2022-05-31 19:09:19.204540
ERROR;2022-05-31 19:09:19.204540
ERROR;2022-05-31 19:09:19.215447
51F-882.70;2022-05-31 19:09:19.224456
51F-220.29;2022-05-31 19:09:19.234628
ERROR;2022-05-31 19:09:19.244449
ERROR;2022-05-31 19:09:19.244449
ERROR;2022-05-31 19:09:19.254539
51F-630.34;2022-05-31 19:09:19.264180
ERROR;2022-05-31 19:09:19.274495
ERROR;2022-05-31 19:09:19.289983
ERROR;2022-05-31 19:09:19.294579
ERROR;2022-05-31 19:09:19.305933
ERROR;2022-05-31 19:09:19.314442
51A-691.72;2022-05-31 19:09:19.314442
ERROR;2022-05-31 19:09:19.324596
1516-47281;2022-05-31 19:09:19.334210
-A-01 2.04

5BLA-UizAVs;2022-05-31 19:09:19.344402
51A-897.14;2022-05-31 19:09:19.354458
5+B-216.66;2022-05-31 19:09:19.364299
5+B-2 16.66);2022-05-31 19:09:19.374192
ERROR;2022-05-31 19:09:19.374192
51F-207.54;2022-05-31 19:09:19.390243
pe;2022-05-31 19:09:19.394318
ERROR;2022-05-31 19:09:19.404181
ERROR;2022-05-31 19:09:19.414307
ERROR;2022-05-31 19:09:19.424179
ERROR;2022-05-31 19:09:19.434251
ERROR;2022-05-31 19:09:19.444536
51F-244.03];2022-05-31 19:09:19.454503
51G6-513.32;2022-05-31 19:09:19.454503
ERROR;2022-05-31 19:09:19.464360
51F-155.85;2022-05-31 19:09:19.474252
51 G-014.40;2022-05-31 19:09:19.484411
ERROR;2022-05-31 19:09:19.494323
15 1G-394.66);2022-05-31 19:09:19.504385
ERROR;2022-05-31 19:09:19.504385
ERROR;2022-05-31 19:09:19.514322
51A-012.04;2022-05-31 19:09:19.524464
ERROR;2022-05-31 19:09:19.534280
5B1F-869.88;2022-05-31 19:09:19.544477
29\V-3993 };2022-05-31 19:09:19.554395
151F-079.73,;2022-05-31 19:09:19.564299
51 F-617.1 2];2022-05-31 19:09:19.574459
'5 1F-079.73);2022-05-31 19:09:19.584408
ERROR;2022-05-31 19:09:19.594411
5S 1F-558.27;2022-05-31 19:09:19.604266
5 1F-630.34,;2022-05-31 19:09:19.604266
51A-691.72,;2022-05-31 19:09:19.614458
51F-161.59;2022-05-31 19:09:19.624525
61A-229.59;2022-05-31 19:09:19.634322
61A-229.59;2022-05-31 19:09:19.644423
ERROR;2022-05-31 19:09:19.654355
ERROR;2022-05-31 19:09:19.664331
60A-359.81);2022-05-31 19:09:19.664331
ERROR;2022-05-31 19:09:19.674525
129A-517.96;2022-05-31 19:09:19.684571
ERROR;2022-05-31 19:09:19.694626
ERROR;2022-05-31 19:09:19.704364
51A-602.16;2022-05-31 19:09:19.714525
I62A-051 95];2022-05-31 19:09:19.714525
ERROR;2022-05-31 19:09:19.724371
51F-155.85;2022-05-31 19:09:19.734432
ERROR;2022-05-31 19:09:19.744460
——— oe?
51F-222 61,;2022-05-31 19:09:19.754392
ERROR;2022-05-31 19:09:19.764301
ERROR;2022-05-31 19:09:19.774311
ERROR;2022-05-31 19:09:19.784488
B1G-519.36;2022-05-31 19:09:19.794238
ERROR;2022-05-31 19:09:19.804447
5 1F-O42.79,;2022-05-31 19:09:19.804447
ERROR;2022-05-31 19:09:19.814576
oo OUmeCUMS—O
51F-207.54;2022-05-31 19:09:19.824283
[51 F-20754);2022-05-31 19:09:19.834360
———"———ChLrOrhlhr
51F-491.42;2022-05-31 19:09:19.844333
51A-909.05;2022-05-31 19:09:19.854179
[5 1.G- 100.95);2022-05-31 19:09:19.854179
51G-100.96;2022-05-31 19:09:19.874481
48A-O051.77;2022-05-31 19:09:19.879536
ERROR;2022-05-31 19:09:19.890690
51G6-473.40;2022-05-31 19:09:19.895266
ERROR;2022-05-31 19:09:19.904448
60LD-005.84 |;2022-05-31 19:09:19.914506
'51A-720.78!;2022-05-31 19:09:19.924255
ERROR;2022-05-31 19:09:19.934374
51A-775.29;2022-05-31 19:09:19.944483
51G-510.08;2022-05-31 19:09:19.944483
51A-052.27;2022-05-31 19:09:19.954506
ERROR;2022-05-31 19:09:19.964403
O£-000.90;2022-05-31 19:09:19.974437
ERROR;2022-05-31 19:09:19.984516
ERROR;2022-05-31 19:09:19.994441
5 1 G-513.32;2022-05-31 19:09:20.004607
[560A-359.81);2022-05-31 19:09:20.014422
IZ9A-5

=|

io);2022-05-31 19:09:20.024427
51F-048.77|;2022-05-31 19:09:20.034385
——— = = se
51F-212.55;2022-05-31 19:09:20.034385
ERROR;2022-05-31 19:09:20.044578
ERROR;2022-05-31 19:09:20.054356
ERROR;2022-05-31 19:09:20.064281
ERROR;2022-05-31 19:09:20.074248
51F-984.66;2022-05-31 19:09:20.084429
51F-984 66);2022-05-31 19:09:20.094144
5] F-582.1 4;2022-05-31 19:09:20.104377
51F-278.09;2022-05-31 19:09:20.114108
ERROR;2022-05-31 19:09:20.114108
I51A-897_14,;2022-05-31 19:09:20.124507
ERROR;2022-05-31 19:09:20.134364
ERROR;2022-05-31 19:09:20.144382
29A-517.96);2022-05-31 19:09:20.154558
ERROR;2022-05-31 19:09:20.164385
ERROR;2022-05-31 19:09:20.174366
51A-012.04;2022-05-31 19:09:20.184468
51A-721L10);2022-05-31 19:09:20.194172
'51F-079.73;2022-05-31 19:09:20.194172
30F-000.90;2022-05-31 19:09:20.204598
a
5iF-630.34;2022-05-31 19:09:20.214441
61 A-229.59);2022-05-31 19:09:20.224396
a eb
51F-356.1 3;2022-05-31 19:09:20.234678
5 I F-356_1 3];2022-05-31 19:09:20.244451
ERROR;2022-05-31 19:09:20.254462
ERROR;2022-05-31 19:09:20.254462
51F-446.14];2022-05-31 19:09:20.264549
ERROR;2022-05-31 19:09:20.274430
ERROR;2022-05-31 19:09:20.284662
ERROR;2022-05-31 19:09:20.294653
ERROR;2022-05-31 19:09:20.304425
15 1F-278.09,;2022-05-31 19:09:20.314189
ERROR;2022-05-31 19:09:20.324564
032-A-163];2022-05-31 19:09:20.374265
2D = 448-AK];2022-05-31 19:09:20.384234
ERROR;2022-05-31 19:09:20.390998
H- HR 85°;2022-05-31 19:09:20.394505
JAHE*CK 19C;2022-05-31 19:09:20.404475
ERROR;2022-05-31 19:09:20.414557
ERROR;2022-05-31 19:09:20.424193
ERROR;2022-05-31 19:09:20.434322
ERROR;2022-05-31 19:09:20.444368
ERROR;2022-05-31 19:09:20.444368
| 983-T-939 ];2022-05-31 19:09:20.454509
ERROR;2022-05-31 19:09:20.464528
ERROR;2022-05-31 19:09:20.474213
ERROR;2022-05-31 19:09:20.484201
ERROR;2022-05-31 19:09:20.494686
ERROR;2022-05-31 19:09:20.504332
ERROR;2022-05-31 19:09:20.504332
ERROR;2022-05-31 19:09:20.514471
ee (CCEA
7G" \Oo:AE;2022-05-31 19:09:20.524409
ZG® 37 1-AK,;2022-05-31 19:09:20.534204
ERROR;2022-05-31 19:09:20.544416
ERROR;2022-05-31 19:09:20.554507
ERROR;2022-05-31 19:09:20.564225
ERROR;2022-05-31 19:09:20.574147
ERROR;2022-05-31 19:09:20.574147
NU?767-€;2022-05-31 19:09:20.590972
ERROR;2022-05-31 19:09:20.324564
ERROR;2022-05-31 19:09:20.594501
ERROR;2022-05-31 19:09:20.604338
ERROR;2022-05-31 19:09:20.614539
ERROR;2022-05-31 19:09:20.624361
_

ZG6#2273-E;2022-05-31 19:09:20.634418
ERROR;2022-05-31 19:09:20.634418
ERROR;2022-05-31 19:09:20.644514
ERROR;2022-05-31 19:09:20.654141
ERROR;2022-05-31 19:09:20.664514
ERROR;2022-05-31 19:09:20.334312
ERROR;2022-05-31 19:09:20.674359
26? 1532-AB;2022-05-31 19:09:20.684193
6123-J;2022-05-31 19:09:20.344468
ERROR;2022-05-31 19:09:20.694288
ERROR;2022-05-31 19:09:20.704370
ERROR;2022-05-31 19:09:20.704370
ZU#178-U;2022-05-31 19:09:20.714359
ERROR;2022-05-31 19:09:20.724355
ERROR;2022-05-31 19:09:20.734353
TOL2XC 803;2022-05-31 19:09:20.744199
ERROR;2022-05-31 19:09:20.754352
ERROR;2022-05-31 19:09:20.764540
26 *3305-J;2022-05-31 19:09:20.774270
BW:678RX"4;2022-05-31 19:09:20.354355
ORK ace;2022-05-31 19:09:20.784111
ERROR;2022-05-31 19:09:20.791547
ERROR;2022-05-31 19:09:20.799594
ERROR;2022-05-31 19:09:20.804102
f;2022-05-31 19:09:20.814122
ERROR;2022-05-31 19:09:20.824437
ERROR;2022-05-31 19:09:20.834442
ERROR;2022-05-31 19:09:20.844426
MB ® 40-71P;2022-05-31 19:09:20.844426
ERROR;2022-05-31 19:09:20.854391
ERROR;2022-05-31 19:09:20.864372
ERROR;2022-05-31 19:09:20.874519
ERROR;2022-05-31 19:09:20.884456
76° 990-NL];2022-05-31 19:09:20.364620
ERROR;2022-05-31 19:09:20.894268
ERROR;2022-05-31 19:09:20.904554
ERROR;2022-05-31 19:09:20.914270
ERROR;2022-05-31 19:09:20.924424
2G 900-D0];2022-05-31 19:09:20.924424
ERROR;2022-05-31 19:09:20.934310
GZ.04214%;2022-05-31 19:09:20.944388
72G6#556-KJ;2022-05-31 19:09:20.954557
-762394-JU};2022-05-31 19:09:20.964475
ERROR;2022-05-31 19:09:20.974204
R2401-A

Vass;2022-05-31 19:09:20.984517
ERROR;2022-05-31 19:09:20.991982
ERROR;2022-05-31 19:09:20.994487
ERROR;2022-05-31 19:09:21.004435
ZG*790-D0};2022-05-31 19:09:21.014533
ERROR;2022-05-31 19:09:21.024386
ERROR;2022-05-31 19:09:21.034229
ERROR;2022-05-31 19:09:21.044348
ERROR;2022-05-31 19:09:21.054348
ERROR;2022-05-31 19:09:21.054348
ERROR;2022-05-31 19:09:21.064484
ERROR;2022-05-31 19:09:21.074203
ERROR;2022-05-31 19:09:21.084387
ERROR;2022-05-31 19:09:21.094353
ERROR;2022-05-31 19:09:21.104211
Z2G2210-E H|;2022-05-31 19:09:21.104211
ERROR;2022-05-31 19:09:21.114322
S12610-AK;2022-05-31 19:09:21.124311
ERROR;2022-05-31 19:09:21.134538
Z2G2120-EL;2022-05-31 19:09:21.144562
ERROR;2022-05-31 19:09:21.154621
ERROR;2022-05-31 19:09:21.154621
ERROR;2022-05-31 19:09:21.164330
Z2G#912-CK;2022-05-31 19:09:21.174455
ERROR;2022-05-31 19:09:21.184129
ERROR;2022-05-31 19:09:21.194196
ERROR;2022-05-31 19:09:21.204227
ERROR;2022-05-31 19:09:21.204227
ERROR;2022-05-31 19:09:21.214540
ERROR;2022-05-31 19:09:21.224663
ERROR;2022-05-31 19:09:24.734607
————— ~_ >
51G-49539;2022-05-31 19:09:24.794370
5] F-20754,;2022-05-31 19:09:24.804341
ERROR;2022-05-31 19:09:24.814581
ERROR;2022-05-31 19:09:24.824364
ERROR;2022-05-31 19:09:24.824364
ERROR;2022-05-31 19:09:24.834384
ERROR;2022-05-31 19:09:24.844249
'51F-598.81|;2022-05-31 19:09:24.854511
'51F-590.1 1,;2022-05-31 19:09:24.744246
ERROR;2022-05-31 19:09:24.864273
51F-324 88;2022-05-31 19:09:24.754195
50LD-044.11 J;2022-05-31 19:09:24.874313
I51A-654.74);2022-05-31 19:09:24.884484
51A-012.04;2022-05-31 19:09:24.894428
bZY-6490.;2022-05-31 19:09:24.894428
————E Se. ~
51A 648.26,;2022-05-31 19:09:24.904345
———e CC rtrt— TTC TT
51F-244.03;2022-05-31 19:09:24.914393
52Y-6490;2022-05-31 19:09:24.924295
ERROR;2022-05-31 19:09:24.934562
ERROR;2022-05-31 19:09:24.944163
ERROR;2022-05-31 19:09:24.944163
51F-826.06};2022-05-31 19:09:24.764356
ERROR;2022-05-31 19:09:24.954393
ERROR;2022-05-31 19:09:24.964234
__ et i it a Ye
51A-01204;2022-05-31 19:09:24.974142
ERROR;2022-05-31 19:09:24.984469
ERROR;2022-05-31 19:09:24.994230
51F-882.70;2022-05-31 19:09:25.004590
151F-598.81,;2022-05-31 19:09:25.014116
ERROR;2022-05-31 19:09:25.014116
ERROR;2022-05-31 19:09:24.774184
ERROR;2022-05-31 19:09:25.024582
ERROR;2022-05-31 19:09:25.034405
51 G-1 02.09);2022-05-31 19:09:25.044638
'51F-795.12;2022-05-31 19:09:24.774184
51F-15585;2022-05-31 19:09:25.054198
5 | G-495.39;2022-05-31 19:09:25.064556
[5 1F-783.96);2022-05-31 19:09:25.074596
F-59881;2022-05-31 19:09:25.084481
ERROR;2022-05-31 19:09:25.094401
ERROR;2022-05-31 19:09:25.104486
ERROR;2022-05-31 19:09:25.104486
€G-47281;2022-05-31 19:09:25.120456
5 I G-100.96;2022-05-31 19:09:25.124463
ERROR;2022-05-31 19:09:25.136252
ERROR;2022-05-31 19:09:25.144351
—————————
SW pd 6 od -;2022-05-31 19:09:25.154373
ERROR;2022-05-31 19:09:25.154373
ERROR;2022-05-31 19:09:25.164511
ERROR;2022-05-31 19:09:25.174554
ERROR;2022-05-31 19:09:25.184442
ERROR;2022-05-31 19:09:25.194311
ERROR;2022-05-31 19:09:25.204375
ERROR;2022-05-31 19:09:25.209198
51F-22261;2022-05-31 19:09:25.214258
ERROR;2022-05-31 19:09:24.784379
ERROR;2022-05-31 19:09:25.229531
i ennrnr
51D-100.39,;2022-05-31 19:09:25.234540
———— rr ltC——
51F-617_12;2022-05-31 19:09:25.244472
I F-44614;2022-05-31 19:09:25.254655
51F-244.03;2022-05-31 19:09:25.264407
48A-051.77;2022-05-31 19:09:25.264407
ERROR;2022-05-31 19:09:25.274579
ERROR;2022-05-31 19:09:25.284460
5 1F-026.87;2022-05-31 19:09:25.294230
ERROR;2022-05-31 19:09:25.304197
51A-691.72|;2022-05-31 19:09:25.314445
ERROR;2022-05-31 19:09:25.324406
51G-251.81;2022-05-31 19:09:25.334573
5 1F-869.88);2022-05-31 19:09:25.334573
ERROR;2022-05-31 19:09:25.349474
ERROR;2022-05-31 19:09:25.354482
I51A-961.41;2022-05-31 19:09:25.364423
I51A-961.41.;2022-05-31 19:09:25.374323
60LD-005.84 |;2022-05-31 19:09:25.384354
51F-882.70;2022-05-31 19:09:25.394380
ERROR;2022-05-31 19:09:25.394380
ERROR;2022-05-31 19:09:25.404163
ERROR;2022-05-31 19:09:25.414504
ERROR;2022-05-31 19:09:25.424490
ERROR;2022-05-31 19:09:25.434136
51G-5 13.32];2022-05-31 19:09:25.444481
ERROR;2022-05-31 19:09:25.454152
51F-692.59);2022-05-31 19:09:25.454152
ERROR;2022-05-31 19:09:25.464410
ERROR;2022-05-31 19:09:25.474335
ERROR;2022-05-31 19:09:25.484547
5 1A-759.32|;2022-05-31 19:09:25.494421
ERROR;2022-05-31 19:09:25.504473
ERROR;2022-05-31 19:09:25.504473
———eEoOor”—~<S<;S7S SP hlC( :;?
'51F-590.11);2022-05-31 19:09:25.520484
ERROR;2022-05-31 19:09:25.524489
———ooEOEOEOEeEe———EEeEe
I51F-617 12);2022-05-31 19:09:25.536608
ERROR;2022-05-31 19:09:25.544117
ERROR;2022-05-31 19:09:25.554315
61A-229.59);2022-05-31 19:09:25.564248
60A-359.81;2022-05-31 19:09:25.574312
5 1G-205_36,;2022-05-31 19:09:25.584398
ERROR;2022-05-31 19:09:25.594248
29A-239.50;2022-05-31 19:09:25.594323
51F-778.36

a;2022-05-31 19:09:25.604282
ERROR;2022-05-31 19:09:25.644490
| DU=190-CEJ;2022-05-31 19:09:25.644490
ERROR;2022-05-31 19:09:25.654411
ERROR;2022-05-31 19:09:25.670156
ERROR;2022-05-31 19:09:25.674162
ERROR;2022-05-31 19:09:25.684112
ERROR;2022-05-31 19:09:25.614592
ERROR;2022-05-31 19:09:25.624402
ERROR;2022-05-31 19:09:25.634477
ERROR;2022-05-31 19:09:25.694644
nO - 86
£80.32;2022-05-31 19:09:25.704405
ERROR;2022-05-31 19:09:25.708730
ERROR;2022-05-31 19:09:25.714298
ERROR;2022-05-31 19:09:25.724355
ERROR;2022-05-31 19:09:25.734198
ERROR;2022-05-31 19:09:25.744498
ERROR;2022-05-31 19:09:25.754545
ERROR;2022-05-31 19:09:25.764228
62°L1
227.67;2022-05-31 19:09:25.774334
ERROR;2022-05-31 19:09:25.774334
85-81
178.51;2022-05-31 19:09:25.793104
313.16;2022-05-31 19:09:25.794611
ERROR;2022-05-31 19:09:25.804403
ERROR;2022-05-31 19:09:25.814344
ERROR;2022-05-31 19:09:25.824561
99-11 |

555.00;2022-05-31 19:09:25.834512
ERROR;2022-05-31 19:09:25.834512
wie;2022-05-31 19:09:25.844326
ERROR;2022-05-31 19:09:25.854486
703.47;2022-05-31 19:09:25.864347
ERROR;2022-05-31 19:09:25.874291
ERROR;2022-05-31 19:09:25.884322
99-P2
303.31;2022-05-31 19:09:25.894388
rr -
—- Cy?
(ou?
co Oo?;2022-05-31 19:09:25.894388
ERROR;2022-05-31 19:09:25.904239
ERROR;2022-05-31 19:09:25.914358
b2-Ml
361.69;2022-05-31 19:09:25.924414
ERROR;2022-05-31 19:09:25.934232
ERROR;2022-05-31 19:09:25.944458
29 -

310

1

U2;2022-05-31 19:09:25.954180
33° UB
011/39;2022-05-31 19:09:25.954180
ERROR;2022-05-31 19:09:25.964348
bU-L?

L3/ 74;2022-05-31 19:09:25.974427
ERROR;2022-05-31 19:09:25.984382
59-N]
00018;2022-05-31 19:09:25.994415
ERROR;2022-05-31 19:09:26.004562
ERROR;2022-05-31 19:09:26.004562
53> BI
332.5%;2022-05-31 19:09:26.020509
ERROR;2022-05-31 19:09:26.024514
61-D1;2022-05-31 19:09:26.036393
ERROR;2022-05-31 19:09:26.044399
99-81
760.54);2022-05-31 19:09:26.054393
co —
a
Yi
Loc;2022-05-31 19:09:26.064379
/9-7)
185 9g;2022-05-31 19:09:26.074528
>) -2
1,19;2022-05-31 19:09:26.074528
ERROR;2022-05-31 19:09:26.086363
ERROR;2022-05-31 19:09:26.094424
ERROR;2022-05-31 19:09:26.104295
39-CT
39916;2022-05-31 19:09:26.114359
ERROR;2022-05-31 19:09:26.124284
—
93-¥2
002.85;2022-05-31 19:09:26.134254
99 - Al
217.04;2022-05-31 19:09:26.134254
ERROR;2022-05-31 19:09:26.144387
ERROR;2022-05-31 19:09:26.154548
ERROR;2022-05-31 19:09:26.164377
99-61,
Ba;2022-05-31 19:09:26.174332
ERROR;2022-05-31 19:09:26.184215
ERROR;2022-05-31 19:09:26.184215
59-S2 |
417.37;2022-05-31 19:09:26.194561
ERROR;2022-05-31 19:09:26.204170
ERROR;2022-05-31 19:09:26.214205
ERROR;2022-05-31 19:09:26.224349
aa4.;2022-05-31 19:09:26.234351
Pe

=
y19 20;2022-05-31 19:09:26.234351
29 -¥2
SUB BL;2022-05-31 19:09:26.244389
ERROR;2022-05-31 19:09:26.254383
ERROR;2022-05-31 19:09:26.264258
ERROR;2022-05-31 19:09:26.274209
ERROR;2022-05-31 19:09:26.284519
ERROR;2022-05-31 19:09:26.294525
JI3 OZ
373 86
— az;2022-05-31 19:09:26.294525
ERROR;2022-05-31 19:09:26.304366
ERROR;2022-05-31 19:09:26.314450
ERROR;2022-05-31 19:09:26.324391
ERROR;2022-05-31 19:09:26.334458
ERROR;2022-05-31 19:09:26.344414
ERROR;2022-05-31 19:09:26.354379
ERROR;2022-05-31 19:09:26.354379
ERROR;2022-05-31 19:09:26.364408
ERROR;2022-05-31 19:09:26.374341
ERROR;2022-05-31 19:09:26.384176
19-42
UUB BS);2022-05-31 19:09:26.394141
ERROR;2022-05-31 19:09:26.404577
ERROR;2022-05-31 19:09:26.414159
ERROR;2022-05-31 19:09:26.424410
37 -KE
6713;2022-05-31 19:09:26.424410
ERROR;2022-05-31 19:09:26.434125
39

035

A]

19;2022-05-31 19:09:26.444273
ERROR;2022-05-31 19:09:26.454467
ERROR;2022-05-31 19:09:26.464259
93-32
735.46;2022-05-31 19:09:26.474272
Lae
89158;2022-05-31 19:09:26.484400
ERROR;2022-05-31 19:09:26.493950
ERROR;2022-05-31 19:09:26.494455
ERROR;2022-05-31 19:09:26.504428
ERROR;2022-05-31 19:09:26.514288
ERROR;2022-05-31 19:09:26.524510
ERROR;2022-05-31 19:09:26.534291
ERROR;2022-05-31 19:09:26.544507
ERROR;2022-05-31 19:09:26.554200
“69-D1 |
056.61;2022-05-31 19:09:26.554200
ERROR;2022-05-31 19:09:26.564412
A
19283;2022-05-31 19:09:26.574513
33°F T
030.53;2022-05-31 19:09:26.584394
ERROR;2022-05-31 19:09:26.594103
ERROR;2022-05-31 19:09:26.604380
79-N1
by 17);2022-05-31 19:09:26.604380
59-S2
288.34);2022-05-31 19:09:26.614487
38-KT
04227;2022-05-31 19:09:26.624444
ERROR;2022-05-31 19:09:26.634375
33-31
953.82;2022-05-31 19:09:26.644475
39°F
090.31;2022-05-31 19:09:26.654326
ERROR;2022-05-31 19:09:26.664388
29 -$2
944.55;2022-05-31 19:09:26.674589
ERROR;2022-05-31 19:09:26.674589
ERROR;2022-05-31 19:09:26.684467
ERROR;2022-05-31 19:09:26.694663
ERROR;2022-05-31 19:09:26.704315
29-C1
O40 54;2022-05-31 19:09:26.714422
29-17
052.97;2022-05-31 19:09:26.724192
ERROR;2022-05-31 19:09:26.724192
33 - UT
39619;2022-05-31 19:09:26.734538
ERROR;2022-05-31 19:09:26.744395
ERROR;2022-05-31 19:09:26.754224
ERROR;2022-05-31 19:09:26.764593
39-1
328.59;2022-05-31 19:09:26.774124
ERROR;2022-05-31 19:09:26.784415
39-E7 |
950.40;2022-05-31 19:09:26.794514
ERROR;2022-05-31 19:09:26.804375
59-F}
188 14);2022-05-31 19:09:26.804375
29-CT
496 84;2022-05-31 19:09:26.814408
ERROR;2022-05-31 19:09:26.824533
ERROR;2022-05-31 19:09:26.834256
—

59-Ci
678.9;2022-05-31 19:09:26.844224
ERROR;2022-05-31 19:09:26.854242
ERROR;2022-05-31 19:09:26.854242
ERROR;2022-05-31 19:09:26.864534
ERROR;2022-05-31 19:09:26.874410
39-1]
6/791;2022-05-31 19:09:26.884559
ERROR;2022-05-31 19:09:26.894426
ERROR;2022-05-31 19:09:26.904329
ERROR;2022-05-31 19:09:26.914102
ERROR;2022-05-31 19:09:26.914102
ERROR;2022-05-31 19:09:26.924209
ERROR;2022-05-31 19:09:26.934207
ERROR;2022-05-31 19:09:26.944496
ERROR;2022-05-31 19:09:26.954249
59-11.
163.92;2022-05-31 19:09:26.964610
*
fed;2022-05-31 19:09:26.964610
F,
365.53;2022-05-31 19:09:26.974411
ERROR;2022-05-31 19:09:26.984558
b8-I

Z|

0.02;2022-05-31 19:09:26.994248
ERROR;2022-05-31 19:09:27.004342
ERROR;2022-05-31 19:09:27.014465
59-31
818.34;2022-05-31 19:09:27.024407
ERROR;2022-05-31 19:09:27.034363
ERROR;2022-05-31 19:09:27.044532
ERROR;2022-05-31 19:09:27.044532
ERROR;2022-05-31 19:09:27.054411
ERROR;2022-05-31 19:09:27.064462
288 34;2022-05-31 19:09:27.074390
ERROR;2022-05-31 19:09:27.084590
ERROR;2022-05-31 19:09:27.094558
ERROR;2022-05-31 19:09:27.104424
ERROR;2022-05-31 19:09:27.104424
ERROR;2022-05-31 19:09:27.114454
99-02 |
19200);2022-05-31 19:09:27.124527
ERROR;2022-05-31 19:09:27.134478
ERROR;2022-05-31 19:09:27.144351
39-H1
044.23;2022-05-31 19:09:27.154468
ERROR;2022-05-31 19:09:27.164367
86 -B3
41492;2022-05-31 19:09:27.174224
ERROR;2022-05-31 19:09:27.184241
ERROR;2022-05-31 19:09:27.184241
ERROR;2022-05-31 19:09:27.194606
8A-028.66;2022-05-31 19:09:27.254573
'51A-012.04|;2022-05-31 19:09:27.264150
60A-038.63);2022-05-31 19:09:27.274622
ERROR;2022-05-31 19:09:27.284337
51F-446.14;2022-05-31 19:09:27.294369
4,3A-186.50};2022-05-31 19:09:27.304462
ERROR;2022-05-31 19:09:27.314459
51F-069.48;2022-05-31 19:09:27.314459
151F-734.20,;2022-05-31 19:09:27.324545
51G-011.77;2022-05-31 19:09:27.334549
ERROR;2022-05-31 19:09:27.344472
SS oe;2022-05-31 19:09:27.204453
ERROR;2022-05-31 19:09:27.354302
ERROR;2022-05-31 19:09:27.364463
51 F-893.57};2022-05-31 19:09:27.374525
——<<
51F-079.73;2022-05-31 19:09:27.374525
151 A-897.14;2022-05-31 19:09:27.384394
ERROR;2022-05-31 19:09:27.394637
x —_
51G-436.39,;2022-05-31 19:09:27.404144
ERROR;2022-05-31 19:09:27.414486
—————  ——
“50LD-044.11|;2022-05-31 19:09:27.214600
ES
51F-O42.79,;2022-05-31 19:09:27.424334
ERROR;2022-05-31 19:09:27.434414
151 A-029.23);2022-05-31 19:09:27.434414
ERROR;2022-05-31 19:09:27.444424
ERROR;2022-05-31 19:09:27.454575
60A-399.51L;2022-05-31 19:09:27.464498
ERROR;2022-05-31 19:09:27.474440
ERROR;2022-05-31 19:09:27.484146
ERROR;2022-05-31 19:09:27.494621
51F-687.84;2022-05-31 19:09:27.494621
51F-069.48;2022-05-31 19:09:27.504537
SS —_ e
51F-04279.;2022-05-31 19:09:27.514515
ERROR;2022-05-31 19:09:27.524261
51 A-012.04);2022-05-31 19:09:27.534535
ERROR;2022-05-31 19:09:27.544507
5 1A-853 25,;2022-05-31 19:09:27.554455
ERROR;2022-05-31 19:09:27.564424
aT
51F-220.29;2022-05-31 19:09:27.574414
S1F-220.29;2022-05-31 19:09:27.574414
ERROR;2022-05-31 19:09:27.584407
61A-229.53;2022-05-31 19:09:27.594570
ERROR;2022-05-31 19:09:27.604153
SS, =. 12
51F-311.18;2022-05-31 19:09:27.614379
ERROR;2022-05-31 19:09:27.624459
ERROR;2022-05-31 19:09:27.634135
51F-069.48;2022-05-31 19:09:27.634135
'51G-491.60);2022-05-31 19:09:27.649495
51A-602.16;2022-05-31 19:09:27.654581
I79A-5 17.96);2022-05-31 19:09:27.664458
61A-229.59);2022-05-31 19:09:27.224374
51G-491.60;2022-05-31 19:09:27.674584
ERROR;2022-05-31 19:09:27.684508
ERROR;2022-05-31 19:09:27.694465
56S-4698.;2022-05-31 19:09:27.694465
51A-897.14;2022-05-31 19:09:27.234517
. 51 A-691.72];2022-05-31 19:09:27.704438
51 F-244 03};2022-05-31 19:09:27.714132
51A-012.04;2022-05-31 19:09:27.724149
51F-630.34;2022-05-31 19:09:27.734543
'51A-691.72;2022-05-31 19:09:27.744550
ERROR;2022-05-31 19:09:27.234517
S1A061.4!;2022-05-31 19:09:27.754147
51F-161.59;2022-05-31 19:09:27.764108
S6A-066.42;2022-05-31 19:09:27.774197
51 F -153.80);2022-05-31 19:09:27.784366
51F-155.85);2022-05-31 19:09:27.794393
51F-278.09;2022-05-31 19:09:27.804458
'60A-359.81;2022-05-31 19:09:27.814436
ERROR;2022-05-31 19:09:27.824552
51G6-513.32,;2022-05-31 19:09:27.244531
ERROR;2022-05-31 19:09:27.834527
[51A-554 33];2022-05-31 19:09:27.844639
ERROR;2022-05-31 19:09:27.854324
51G6-510.08;2022-05-31 19:09:27.854324
ler, OT
51F-042.75;2022-05-31 19:09:27.864388
ERROR;2022-05-31 19:09:27.874503
5 1F-155.85,;2022-05-31 19:09:27.884146
15 1F-692.59];2022-05-31 19:09:27.894637
——————T — oC
51 G-205.36;2022-05-31 19:09:27.904418
ERROR;2022-05-31 19:09:27.924288
ERROR;2022-05-31 19:09:27.934419
ERROR;2022-05-31 19:09:27.944338
ERROR;2022-05-31 19:09:27.954104
ERROR;2022-05-31 19:09:27.964582
ERROR;2022-05-31 19:09:27.974345
ZG 3254-D];2022-05-31 19:09:27.974345
26 9267-AD;2022-05-31 19:09:27.984387
ZG* 484-LD;2022-05-31 19:09:27.994425
ERROR;2022-05-31 19:09:28.004252
ZG26304-H;2022-05-31 19:09:28.014157
LG |
4208-1;2022-05-31 19:09:28.024386
2G*5031-AE

re AEE;2022-05-31 19:09:28.034491
ERROR;2022-05-31 19:09:28.044505
-0S$#001-6S;2022-05-31 19:09:28.054391
939;2022-05-31 19:09:28.054391
KK®H5-122 |;2022-05-31 19:09:28.064564
ERROR;2022-05-31 19:09:28.074542
_ZG 8000-2];2022-05-31 19:09:27.914144
Z2G2128-VJ;2022-05-31 19:09:28.084517
ERROR;2022-05-31 19:09:27.914144
ERROR;2022-05-31 19:09:28.094635
ERROR;2022-05-31 19:09:28.104495
ERROR;2022-05-31 19:09:28.114380
ERROR;2022-05-31 19:09:28.124453
VU2271-K_;2022-05-31 19:09:28.134382
ERROR;2022-05-31 19:09:28.149406
ERROR;2022-05-31 19:09:28.154414
59. FT
ib/ i |;2022-05-31 19:09:28.164293
99-11
U82.64;2022-05-31 19:09:28.134382
51F-22261;2022-05-31 19:09:29.884151
ERROR;2022-05-31 19:09:29.914325
51A-720 78);2022-05-31 19:09:29.924237
ERROR;2022-05-31 19:09:29.934321
51G6-251.81;2022-05-31 19:09:29.944424
ERROR;2022-05-31 19:09:29.954268
ERROR;2022-05-31 19:09:29.954268
51A-029.23;2022-05-31 19:09:29.964514
51A-165.98;2022-05-31 19:09:29.974316
1516-44313];2022-05-31 19:09:29.895283
ERROR;2022-05-31 19:09:29.984516
51A-897.14;2022-05-31 19:09:29.995230
ERROR;2022-05-31 19:09:30.004483
ERROR;2022-05-31 19:09:30.004483
51A L59°74 |;2022-05-31 19:09:30.014292
i G-51 3.32);2022-05-31 19:09:30.024476
ERROR;2022-05-31 19:09:30.074595
'51G-31 6.91);2022-05-31 19:09:29.874483
5 | A-165.98);2022-05-31 19:09:30.084578
ERROR;2022-05-31 19:09:30.095370
ERROR;2022-05-31 19:09:30.104445
ERROR;2022-05-31 19:09:30.116089
ERROR;2022-05-31 19:09:30.124595
ERROR;2022-05-31 19:09:30.124595
ERROR;2022-05-31 19:09:30.134181
51G6-519.36;2022-05-31 19:09:30.144276
eS
51A-G614 I;2022-05-31 19:09:30.154343
'51G-510.08;2022-05-31 19:09:30.164354
51F-244.03;2022-05-31 19:09:30.174115
ERROR;2022-05-31 19:09:30.184181
ERROR;2022-05-31 19:09:30.184181
ERROR;2022-05-31 19:09:30.195376
ERROR;2022-05-31 19:09:30.204416
51A-775.29;2022-05-31 19:09:30.214433
51F-882.70;2022-05-31 19:09:30.224550
ERROR;2022-05-31 19:09:30.234526
ERROR;2022-05-31 19:09:30.244400
ERROR;2022-05-31 19:09:30.244400
56S-4698 |;2022-05-31 19:09:29.895283
ERROR;2022-05-31 19:09:30.254575
51EF-161 59!;2022-05-31 19:09:30.264325
51A-897.14;2022-05-31 19:09:30.274381
51A-602 16);2022-05-31 19:09:30.284401
60A-359 81;2022-05-31 19:09:30.295620
ERROR;2022-05-31 19:09:30.304700
61 A-300.01];2022-05-31 19:09:30.314351
51F-026.87);2022-05-31 19:09:30.324225
ERROR;2022-05-31 19:09:30.324225
ERROR;2022-05-31 19:09:30.334524
4.8A-051.77;2022-05-31 19:09:30.344458
51F-687.84;2022-05-31 19:09:29.904380
ERROR;2022-05-31 19:09:30.354464
ERROR;2022-05-31 19:09:30.364601
ERROR;2022-05-31 19:09:30.374585
ee ae a TS
51 A-554.33!;2022-05-31 19:09:30.384493
—————
51G-102.0S

———————7=oOt—;2022-05-31 19:09:30.394110
5 1G-510.08.;2022-05-31 19:09:30.395701
ERROR;2022-05-31 19:09:30.404207
57 A-229.5¢;2022-05-31 19:09:30.414371
ERROR;2022-05-31 19:09:30.424568
ERROR;2022-05-31 19:09:30.434281
B1A-759.32;2022-05-31 19:09:30.444209
ERROR;2022-05-31 19:09:30.444209
ERROR;2022-05-31 19:09:30.454491
51 A-96141);2022-05-31 19:09:30.464518
ERROR;2022-05-31 19:09:30.474404
ERROR;2022-05-31 19:09:30.484388
ERROR;2022-05-31 19:09:30.495797
————_——— eT
51F-13251);2022-05-31 19:09:30.504353
e—eemeaee”
SlF-582 | 4;2022-05-31 19:09:30.514574
ERROR;2022-05-31 19:09:30.524381
ERROR;2022-05-31 19:09:30.534447
ERROR;2022-05-31 19:09:30.544094
ERROR;2022-05-31 19:09:30.554389
ERROR;2022-05-31 19:09:30.564249
ERROR;2022-05-31 19:09:30.574489
ERROR;2022-05-31 19:09:30.584316
ERROR;2022-05-31 19:09:30.594398
ERROR;2022-05-31 19:09:30.595908
26° 348-CR;2022-05-31 19:09:30.604429
ERROR;2022-05-31 19:09:30.614435
ERROR;2022-05-31 19:09:30.624246
2G#977-1T;2022-05-31 19:09:30.634616
ERROR;2022-05-31 19:09:30.644221
fS2592-A0;2022-05-31 19:09:30.654411
715FB;2022-05-31 19:09:30.664424
ERROR;2022-05-31 19:09:30.674209
ERROR;2022-05-31 19:09:30.674209
ERROR;2022-05-31 19:09:30.514574
ERROR;2022-05-31 19:09:30.684542
ERROR;2022-05-31 19:09:30.696493
ZG 160-DU;2022-05-31 19:09:30.704498
393: BD;2022-05-31 19:09:30.714245
1770-8);2022-05-31 19:09:30.724189
ERROR;2022-05-31 19:09:30.754381
ERROR;2022-05-31 19:09:30.754381
59-L2
063.77;2022-05-31 19:09:30.734324
ERROR;2022-05-31 19:09:30.764530
99-FT
073.09;2022-05-31 19:09:30.774291
ERROR;2022-05-31 19:09:30.784364
ERROR;2022-05-31 19:09:30.796678
ERROR;2022-05-31 19:09:30.804200
ERROR;2022-05-31 19:09:30.804200
ERROR;2022-05-31 19:09:30.814237
99-11
082.

};2022-05-31 19:09:30.744569
ERROR;2022-05-31 19:09:32.624567
ERROR;2022-05-31 19:09:32.634572
99-11
9399.73;2022-05-31 19:09:32.644090
ERROR;2022-05-31 19:09:32.644090
ERROR;2022-05-31 19:09:32.654274
ERROR;2022-05-31 19:09:32.664453
ERROR;2022-05-31 19:09:32.674465
ERROR;2022-05-31 19:09:32.684222
ERROR;2022-05-31 19:09:32.694094
ERROR;2022-05-31 19:09:32.704169
65-Fl-
315.32;2022-05-31 19:09:32.704169
ERROR;2022-05-31 19:09:32.714402
ERROR;2022-05-31 19:09:32.724178
ERROR;2022-05-31 19:09:32.734630
51G-31691);2022-05-31 19:09:32.744309
'51G-102.09;2022-05-31 19:09:32.754299
,;2022-05-31 19:09:32.764375
51A-897.14;2022-05-31 19:09:32.774318
—— _———— er
93LD-001.03;2022-05-31 19:09:32.784351
| 93LD-001.03 |;2022-05-31 19:09:32.794414
ERROR;2022-05-31 19:09:32.799530
ERROR;2022-05-31 19:09:32.804537
ERROR;2022-05-31 19:09:32.814497
BIE-O26 87;2022-05-31 19:09:32.824414
————<—o————_ yr
51F-49142;2022-05-31 19:09:32.834499
51G-014.40;2022-05-31 19:09:32.844260
51 C-593.23);2022-05-31 19:09:32.854147
ERROR;2022-05-31 19:09:32.864344
ee
'51F-590.11);2022-05-31 19:09:32.864344
'51F-090.11);2022-05-31 19:09:32.874421
ERROR;2022-05-31 19:09:32.884164
ERROR;2022-05-31 19:09:32.899363
ERROR;2022-05-31 19:09:32.904371
ZG 2961-6];2022-05-31 19:09:32.914263
ERROR;2022-05-31 19:09:32.924411
63-11
0200);2022-05-31 19:09:32.954504
ERROR;2022-05-31 19:09:32.964560
~<a

77-U1
360.87;2022-05-31 19:09:32.974351
ERROR;2022-05-31 19:09:32.974351
| 93-PI
U6 3.12);2022-05-31 19:09:32.984270
ERROR;2022-05-31 19:09:32.939481
ERROR;2022-05-31 19:09:32.999210
ERROR;2022-05-31 19:09:32.944488
ERROR;2022-05-31 19:09:33.004236
ERROR;2022-05-31 19:09:33.014587
| 60-B2
625.83;2022-05-31 19:09:33.024331
ERROR;2022-05-31 19:09:33.034588
_69-AB
U26.73;2022-05-31 19:09:33.044417
ERROR;2022-05-31 19:09:33.044417
ERROR;2022-05-31 19:09:33.054384
ERROR;2022-05-31 19:09:32.924411
ERROR;2022-05-31 19:09:33.064424
30.83;2022-05-31 19:09:33.074427
oo WT
077.90;2022-05-31 19:09:33.084409
ERROR;2022-05-31 19:09:33.094544
ERROR;2022-05-31 19:09:33.454427
OA-5 17.96;2022-05-31 19:09:33.444343
ERROR;2022-05-31 19:09:33.464350
ERROR;2022-05-31 19:09:33.474490
51F-630.34,;2022-05-31 19:09:33.484367
————e———r—‘“isst:t:tsSs—~—C~CS
51F-598 81.;2022-05-31 19:09:33.484367
29-E)
215.00;2022-05-31 19:09:33.500099
ERROR;2022-05-31 19:09:33.524466
ERROR;2022-05-31 19:09:33.534406
ERROR;2022-05-31 19:09:34.074449
ie;2022-05-31 19:09:33.534406
ERROR;2022-05-31 19:09:33.544345
ERROR;2022-05-31 19:09:34.084476
a
aw;2022-05-31 19:09:34.084476
ERROR;2022-05-31 19:09:33.554481
ERROR;2022-05-31 19:09:33.564131
ERROR;2022-05-31 19:09:33.574368
ERROR;2022-05-31 19:09:33.584494
ERROR;2022-05-31 19:09:33.594250
ERROR;2022-05-31 19:09:33.600051
ERROR;2022-05-31 19:09:33.604608
59-X2 |
564.62;2022-05-31 19:09:33.619424
ERROR;2022-05-31 19:09:33.624434
bas 19;2022-05-31 19:09:33.504206
54, XL)
2969;2022-05-31 19:09:33.514296
cz)

CUNd Cancmaeee;2022-05-31 19:09:35.204421
ERROR;2022-05-31 19:09:35.214475
ERROR;2022-05-31 19:09:35.934395
ERROR;2022-05-31 19:09:35.944525
ERROR;2022-05-31 19:09:35.954487
ERROR;2022-05-31 19:09:35.964339
ERROR;2022-05-31 19:09:35.974531
ERROR;2022-05-31 19:09:35.984298
a;2022-05-31 19:09:35.984298
a

E5B2 9737:;2022-05-31 19:09:35.994343
ERROR;2022-05-31 19:09:36.004557
ERROR;2022-05-31 19:09:36.014488
FeB9 0164 |

=;2022-05-31 19:09:35.224383
ERROR;2022-05-31 19:09:35.234211
ERROR;2022-05-31 19:09:35.244601
ERROR;2022-05-31 19:09:35.254360
ERROR;2022-05-31 19:09:35.254360
ERROR;2022-05-31 19:09:35.264475
ERROR;2022-05-31 19:09:35.274236
ERROR;2022-05-31 19:09:35.284209
ERROR;2022-05-31 19:09:35.294434
ERROR;2022-05-31 19:09:35.304410
ERROR;2022-05-31 19:09:36.024121
ERROR;2022-05-31 19:09:36.034550
ERROR;2022-05-31 19:09:36.044433
ERROR;2022-05-31 19:09:36.044433
ERROR;2022-05-31 19:09:36.059460
ERROR;2022-05-31 19:09:36.064528
e443 8681;2022-05-31 19:09:36.074327
ERROR;2022-05-31 19:09:36.084432
ERROR;2022-05-31 19:09:36.094218
ERROR;2022-05-31 19:09:36.102308
ERROR;2022-05-31 19:09:35.314345
ERROR;2022-05-31 19:09:36.104361
<=;2022-05-31 19:09:36.114377
ERROR;2022-05-31 19:09:36.124145
ERROR;2022-05-31 19:09:36.134384
1BC_ 4146

Fee A;2022-05-31 19:09:36.144557
ERROR;2022-05-31 19:09:36.144557
ERROR;2022-05-31 19:09:36.154241
ERROR;2022-05-31 19:09:36.164354
ERROR;2022-05-31 19:09:36.174551
ERROR;2022-05-31 19:09:36.184161
ERROR;2022-05-31 19:09:35.324220
ERROR;2022-05-31 19:09:36.194237
ERROR;2022-05-31 19:09:36.202465
ERROR;2022-05-31 19:09:36.204468
ERROR;2022-05-31 19:09:36.214556
ERROR;2022-05-31 19:09:36.224216
ERROR;2022-05-31 19:09:36.234356
ERROR;2022-05-31 19:09:36.244562
ERROR;2022-05-31 19:09:36.244562
ERROR;2022-05-31 19:09:36.254432
ERROR;2022-05-31 19:09:36.264479
ERROR;2022-05-31 19:09:35.324220
ERROR;2022-05-31 19:09:36.274288
ERROR;2022-05-31 19:09:36.284286
ERROR;2022-05-31 19:09:36.294333
ERROR;2022-05-31 19:09:36.302394
ERROR;2022-05-31 19:09:36.304415
ERROR;2022-05-31 19:09:36.314163
ERROR;2022-05-31 19:09:36.324447
ERROR;2022-05-31 19:09:36.334460
ERROR;2022-05-31 19:09:36.344528
i685 0430);2022-05-31 19:09:36.344528
BS. 1205;2022-05-31 19:09:35.334436
j 6B0 0320 :;2022-05-31 19:09:36.354538
ERROR;2022-05-31 19:09:36.364481
ERROR;2022-05-31 19:09:36.374544
-B2C 49-39:;2022-05-31 19:09:36.384314
ERROR;2022-05-31 19:09:36.394454
ERROR;2022-05-31 19:09:36.404372
ERROR;2022-05-31 19:09:36.414239
ERROR;2022-05-31 19:09:36.414239
ERROR;2022-05-31 19:09:36.424177
326 3187;2022-05-31 19:09:36.434252
ERROR;2022-05-31 19:09:35.344559
r4AZ 3802;2022-05-31 19:09:36.444079
E785 7267;2022-05-31 19:09:36.454479
ERROR;2022-05-31 19:09:36.464270
ERROR;2022-05-31 19:09:36.464270
ERROR;2022-05-31 19:09:36.474486
ERROR;2022-05-31 19:09:36.484359
#7e9 4261 &;2022-05-31 19:09:36.494146
e5B1 1149;2022-05-31 19:09:36.504147
ERROR;2022-05-31 19:09:36.504147
ERROR;2022-05-31 19:09:36.514527
ERROR;2022-05-31 19:09:35.354165
[188 5815 |;2022-05-31 19:09:36.524363
ERROR;2022-05-31 19:09:36.534179
ERROR;2022-05-31 19:09:36.544424
ERROR;2022-05-31 19:09:36.554370
ERROR;2022-05-31 19:09:36.564356
ERROR;2022-05-31 19:09:36.564356
ERROR;2022-05-31 19:09:36.574488
ERROR;2022-05-31 19:09:36.584405
ERROR;2022-05-31 19:09:35.364486
ERROR;2022-05-31 19:09:35.374174
ERROR;2022-05-31 19:09:35.384418
ERROR;2022-05-31 19:09:35.384418
ERROR;2022-05-31 19:09:36.594315
ERROR;2022-05-31 19:09:40.034432
ERROR;2022-05-31 19:09:40.044376
ERROR;2022-05-31 19:09:40.054186
ERROR;2022-05-31 19:09:40.054186
ERROR;2022-05-31 19:09:40.064453
ERROR;2022-05-31 19:09:40.074205
ERROR;2022-05-31 19:09:40.084191
AAA ATO WRER, Ky AUITA R cENgy PRO KAZDENO)

=800 119 on;2022-05-31 19:09:40.094137
ERROR;2022-05-31 19:09:40.104196
ERROR;2022-05-31 19:09:40.104196
ERROR;2022-05-31 19:09:36.604443
ERROR;2022-05-31 19:09:40.114183
ERROR;2022-05-31 19:09:40.124377
ERROR;2022-05-31 19:09:40.134360
ERROR;2022-05-31 19:09:40.144316
ERROR;2022-05-31 19:09:40.154464
ERROR;2022-05-31 19:09:40.164233
ERROR;2022-05-31 19:09:40.164233
ERROR;2022-05-31 19:09:40.174468
ERROR;2022-05-31 19:09:40.184260
ERROR;2022-05-31 19:09:40.194489
ERROR;2022-05-31 19:09:36.614365
